{"cameraMode":{"drawMode":0,"name":"Shaded","section":"Shading Mode"},"sceneLighting":true,"audioPlay":false,"sceneViewState":{"showFog":true,"showMaterialUpdate":false,"showSkybox":true,"showFlares":true,"showImageEffects":true,"showParticleSystems":true},"in2DMode":false,"pivot":{"x":0.0,"y":2.1399998664855959,"z":0.04800000786781311},"rotation":{"x":0.18487070500850678,"y":-0.5179864764213562,"z":0.11577586084604263,"w":0.827120304107666},"size":2.2407920360565187,"orthographic":true}